{"ITUB4": 0.0011806645297006702, "BBDC4": -0.007067187424528942, "VALE3": 0.0015504230518897932, "PETR4": 0.0024089976209196173, "PETR3": 0.002554892071550241, "ABEV3": 0.002167610739916226, "BBAS3": -0.003281084636769238, "B3SA3": -0.003429368381104414, "ITSA4": 0.0009651810365721714, "CRFB3": -0.004842571773996607, "CIEL3": 0.0020963840848350346, "EMBR3": 0.009708707627357649, "JBSS3": -0.0024009390352905946, "MGLU3": 0.0222222010294596, "PCAR3": 0.0072639731179307, "SANB11": -0.002805371968635839}